Sno,Date,State/UnionTerritory,ConfirmedIndianNational,Cured,Deaths,ConfirmedForeignNational
1,30/01/20,Kerala,1,0,0,0
2,31/01/20,Kerala,1,0,0,0
3,1/2/20,Kerala,2,0,0,0
4,2/2/20,Kerala,3,0,0,0
5,3/2/20,Kerala,3,0,0,0
6,4/2/20,Kerala,3,0,0,0
7,5/2/20,Kerala,3,0,0,0
8,6/2/20,Kerala,3,0,0,0
9,7/2/20,Kerala,3,0,0,0
10,8/2/20,Kerala,3,0,0,0
11,9/2/20,Kerala,3,0,0,0
12,10/2/20,Kerala,3,0,0,0
13,11/2/20,Kerala,3,0,0,0
14,12/2/20,Kerala,3,0,0,0
15,13/02/20,Kerala,3,0,0,0
16,14/02/20,Kerala,3,0,0,0
17,15/02/20,Kerala,3,0,0,0
18,16/02/20,Kerala,3,0,0,0
19,17/02/20,Kerala,3,0,0,0
20,18/02/20,Kerala,3,0,0,0
21,19/02/20,Kerala,3,0,0,0
22,20/02/20,Kerala,3,0,0,0
23,21/02/20,Kerala,3,0,0,0
24,22/02/20,Kerala,3,0,0,0
25,23/02/20,Kerala,3,0,0,0
26,24/02/20,Kerala,3,0,0,0
27,25/02/20,Kerala,3,0,0,0
28,26/02/20,Kerala,3,0,0,0
29,27/02/20,Kerala,3,0,0,0
30,28/02/20,Kerala,3,0,0,0
31,29/02/20,Kerala,3,0,0,0
32,1/3/20,Kerala,3,0,0,0
33,2/3/20,Telengana,1,0,0,0
34,2/3/20,Kerala,3,0,0,0
35,2/3/20,Delhi,1,0,0,0
36,3/3/20,Telengana,1,0,0,0
37,3/3/20,Rajasthan,0,0,0,1
38,3/3/20,Kerala,3,3,0,0
39,3/3/20,Delhi,1,0,0,0
40,4/3/20,Uttar Pradesh,6,0,0,0
41,4/3/20,Kerala,3,3,0,0
42,4/3/20,Haryana,0,0,0,2
43,4/3/20,Delhi,1,0,0,0
44,4/3/20,Telengana,1,0,0,0
45,4/3/20,Rajasthan,1,0,0,14
46,5/3/20,Delhi,2,0,0,0
47,5/3/20,Haryana,0,0,0,2
48,5/3/20,Kerala,3,3,0,0
49,5/3/20,Rajasthan,1,0,0,14
50,5/3/20,Telengana,1,0,0,0
51,5/3/20,Uttar Pradesh,7,0,0,0
52,6/3/20,Delhi,3,0,0,0
53,6/3/20,Haryana,0,0,0,2
54,6/3/20,Kerala,3,3,0,0
55,6/3/20,Rajasthan,1,0,0,14
56,6/3/20,Uttar Pradesh,7,0,0,0
57,6/3/20,Telengana,1,0,0,0
58,7/3/20,Kerala,3,3,0,0
59,7/3/20,Uttar Pradesh,7,0,0,0
60,7/3/20,Ladakh,2,0,0,0
61,7/3/20,Telengana,1,0,0,0
62,7/3/20,Tamil Nadu,1,0,0,0
63,7/3/20,Delhi,3,0,0,0
64,7/3/20,Haryana,0,0,0,2
65,7/3/20,Rajasthan,1,0,0,14
66,8/3/20,Ladakh,2,0,0,0
67,8/3/20,Telengana,1,0,0,0
68,8/3/20,Tamil Nadu,1,0,0,0
69,8/3/20,Rajasthan,1,0,0,14
70,8/3/20,Kerala,8,3,0,0
71,8/3/20,Haryana,0,0,0,2
72,8/3/20,Delhi,3,0,0,0
73,8/3/20,Uttar Pradesh,7,0,0,0
74,9/3/20,Ladakh,2,0,0,0
75,9/3/20,Karnataka,1,0,0,0
76,9/3/20,Kerala,9,3,0,0
77,9/3/20,Maharashtra,2,0,0,0
78,9/3/20,Punjab,1,0,0,0
79,9/3/20,Rajasthan,1,0,0,14
80,9/3/20,Tamil Nadu,1,0,0,0
81,9/3/20,Telengana,1,0,0,0
82,9/3/20,Jammu and Kashmir,1,0,0,0
83,9/3/20,Uttar Pradesh,7,0,0,0
84,9/3/20,Haryana,0,0,0,2
85,9/3/20,Delhi,4,0,0,0
86,10/3/20,Uttar Pradesh,7,0,0,0
87,10/3/20,Ladakh,2,0,0,0
88,10/3/20,Delhi,4,0,0,0
89,10/3/20,Haryana,0,0,0,2
90,10/3/20,Karnataka,4,0,0,0
91,10/3/20,Kerala,15,3,0,0
92,10/3/20,Maharashtra,5,0,0,0
93,10/3/20,Punjab,1,0,0,0
94,10/3/20,Rajasthan,1,0,0,14
95,10/3/20,Tamil Nadu,1,0,0,0
96,10/3/20,Telengana,1,0,0,0
97,10/3/20,Jammu and Kashmir,1,0,0,0
98,13/03/20,Haryana,0,0,0,14
99,13/03/20,Kerala,17,3,0,0
100,13/03/20,Rajasthan,1,0,0,2
101,13/03/20,Telengana,1,0,0,0
102,13/03/20,Uttar Pradesh,10,0,0,1
103,13/03/20,Maharashtra,11,0,0,0
104,13/03/20,Tamil Nadu,1,0,0,0
105,13/03/20,Jammu and Kashmir,1,0,0,0
106,13/03/20,Punjab,1,0,0,0
107,13/03/20,Delhi,6,0,0,0
108,13/03/20,Ladakh,3,0,0,0
109,13/03/20,Karnataka,5,0,0,0
110,13/03/20,Andhra Pradesh,1,0,0,0
111,11/3/20,Maharashtra,2,0,0,0
112,11/3/20,Delhi,5,0,0,0
113,11/3/20,Haryana,0,0,0,14
114,11/3/20,Kerala,17,3,0,0
115,11/3/20,Rajasthan,1,0,0,2
116,11/3/20,Telengana,1,0,0,0
117,11/3/20,Uttar Pradesh,9,0,0,0
118,11/3/20,Ladakh,2,0,0,0
119,11/3/20,Tamil Nadu,1,0,0,0
120,11/3/20,Jammu and Kashmir,1,0,0,0
121,11/3/20,Punjab,1,0,0,0
122,11/3/20,Karnataka,4,0,0,0
123,12/3/20,Delhi,6,0,0,0
124,12/3/20,Haryana,0,0,0,14
125,12/3/20,Kerala,17,3,0,0
126,12/3/20,Rajasthan,1,0,0,2
127,12/3/20,Telengana,1,0,0,0
128,12/3/20,Uttar Pradesh,10,0,0,1
129,12/3/20,Ladakh,3,0,0,0
130,12/3/20,Tamil Nadu,1,0,0,0
131,12/3/20,Jammu and Kashmir,1,0,0,0
132,12/3/20,Punjab,1,0,0,0
133,12/3/20,Karnataka,4,0,0,0
134,12/3/20,Maharashtra,11,0,0,0
135,12/3/20,Andhra Pradesh,1,0,0,0
136,13/03/20,Delhi,6,0,0,0
137,13/03/20,Haryana,0,0,0,14
138,13/03/20,Kerala,19,3,0,0
139,13/03/20,Rajasthan,1,0,0,2
140,13/03/20,Telengana,1,0,0,0
141,13/03/20,Uttar Pradesh,10,0,0,1
142,13/03/20,Ladakh,3,0,0,0
143,13/03/20,Tamil Nadu,1,0,0,0
144,13/03/20,Jammu and Kashmir,1,0,0,0
145,13/03/20,Punjab,1,0,0,0
146,13/03/20,Karnataka,6,0,1,0
147,13/03/20,Maharashtra,14,0,0,0
148,13/03/20,Andhra Pradesh,1,0,0,0
149,14/03/20,Delhi,7,1,1,0
150,14/03/20,Haryana,0,0,0,14
151,14/03/20,Kerala,19,3,0,0
152,14/03/20,Rajasthan,1,1,0,2
153,14/03/20,Telengana,1,0,0,0
154,14/03/20,Uttar Pradesh,11,5,0,1
155,14/03/20,Ladakh,3,0,0,0
156,14/03/20,Tamil Nadu,1,0,0,0
157,14/03/20,Jammu and Kashmir,2,0,0,0
158,14/03/20,Punjab,1,0,0,0
159,14/03/20,Karnataka,6,0,1,0
160,14/03/20,Maharashtra,14,0,0,0
161,14/03/20,Andhra Pradesh,1,0,0,0
162,15/03/20,Andhra Pradesh,1,0,0,0
163,15/03/20,Delhi,7,2,1,0
164,15/03/20,Haryana,0,0,0,14
165,15/03/20,Karnataka,6,0,1,0
166,15/03/20,Kerala,22,3,0,0
167,15/03/20,Maharashtra,32,0,0,0
168,15/03/20,Punjab,1,0,0,0
169,15/03/20,Rajasthan,2,3,0,2
170,15/03/20,Tamil Nadu,1,0,0,0
171,15/03/20,Telengana,3,1,0,0
172,15/03/20,Jammu and Kashmir,2,0,0,0
173,15/03/20,Ladakh,3,0,0,0
174,15/03/20,Uttar Pradesh,12,4,0,1
175,15/03/20,Uttarakhand,1,0,0,0
176,16/03/20,Andhra Pradesh,1,0,0,0
177,16/03/20,Delhi,7,2,1,0
178,16/03/20,Haryana,0,0,0,14
179,16/03/20,Karnataka,6,0,1,0
180,16/03/20,Kerala,23,3,0,0
181,16/03/20,Maharashtra,32,0,0,0
182,16/03/20,Odisha,1,0,0,0
183,16/03/20,Punjab,1,0,0,0
184,16/03/20,Rajasthan,2,3,0,2
185,16/03/20,Tamil Nadu,1,0,0,0
186,16/03/20,Telengana,3,1,0,0
187,16/03/20,Jammu and Kashmir,3,0,0,0
188,16/03/20,Ladakh,4,0,0,0
189,16/03/20,Uttar Pradesh,12,4,0,1
190,16/03/20,Uttarakhand,1,0,0,0
191,17/03/20,Andhra Pradesh,1,0,0,0
192,17/03/20,Delhi,8,2,1,0
193,17/03/20,Haryana,1,0,0,14
194,17/03/20,Karnataka,11,0,1,0
195,17/03/20,Kerala,24,3,0,2
196,17/03/20,Maharashtra,36,0,1,3
197,17/03/20,Odisha,1,0,0,0
198,17/03/20,Punjab,1,0,0,0
199,17/03/20,Rajasthan,2,3,0,2
200,17/03/20,Tamil Nadu,1,0,0,0
201,17/03/20,Telengana,3,1,0,2
202,17/03/20,Jammu and Kashmir,3,0,0,0
203,17/03/20,Ladakh,6,0,0,0
204,17/03/20,Uttar Pradesh,14,5,0,1
205,17/03/20,Uttarakhand,1,0,0,0
206,18/03/20,Andhra Pradesh,1,0,0,0
207,18/03/20,Delhi,9,2,1,1
208,18/03/20,Haryana,3,0,0,14
209,18/03/20,Karnataka,11,0,1,0
210,18/03/20,Kerala,25,3,0,2
211,18/03/20,Maharashtra,39,0,1,3
212,18/03/20,Odisha,1,0,0,0
213,18/03/20,Pondicherry,1,0,0,0
214,18/03/20,Punjab,1,0,0,0
215,18/03/20,Rajasthan,2,3,0,2
216,18/03/20,Tamil Nadu,1,0,0,0
217,18/03/20,Telengana,4,1,0,2
218,18/03/20,Jammu and Kashmir,3,0,0,0
219,18/03/20,Ladakh,8,0,0,0
220,18/03/20,Uttar Pradesh,15,5,0,1
221,18/03/20,Uttarakhand,1,0,0,0
222,18/03/20,West Bengal,1,0,0,0
223,19/03/20,Andhra Pradesh,2,0,0,0
224,19/03/20,Chattisgarh,1,0,0,0
225,19/03/20,Delhi,11,3,1,1
226,19/03/20,Haryana,3,0,0,14
227,19/03/20,Karnataka,14,0,1,0
228,19/03/20,Kerala,25,3,0,2
229,19/03/20,Maharashtra,44,0,1,3
230,19/03/20,Odisha,1,0,0,0
231,19/03/20,Pondicherry,1,0,0,0
232,19/03/20,Punjab,2,0,1,0
233,19/03/20,Rajasthan,5,3,0,2
234,19/03/20,Tamil Nadu,2,1,0,0
235,19/03/20,Telengana,4,1,0,2
236,19/03/20,Chandigarh,1,0,0,0
237,19/03/20,Jammu and Kashmir,4,0,0,0
238,19/03/20,Ladakh,8,0,0,0
239,19/03/20,Uttar Pradesh,18,9,0,1
240,19/03/20,Uttarakhand,1,0,0,0
241,19/03/20,West Bengal,1,0,0,0
242,20/03/20,Andhra Pradesh,3,0,0,0
243,20/03/20,Chhattisgarh,1,0,0,0
244,20/03/20,Delhi,16,5,1,1
245,20/03/20,Gujarat,5,0,0,0
246,20/03/20,Haryana,3,0,0,14
247,20/03/20,Karnataka,15,1,1,0
248,20/03/20,Kerala,26,3,0,2
249,20/03/20,Maharashtra,49,0,1,3
250,20/03/20,Odisha,2,0,0,0
251,20/03/20,Puducherry,1,0,0,0
252,20/03/20,Punjab,2,0,1,0
253,20/03/20,Rajasthan,15,3,0,2
254,20/03/20,Tamil Nadu,3,1,0,0
255,20/03/20,Telengana,8,1,0,9
256,20/03/20,Chandigarh,1,0,0,0
257,20/03/20,Jammu and Kashmir,4,0,0,0
258,20/03/20,Ladakh,10,0,0,0
259,20/03/20,Uttar Pradesh,22,9,0,1
260,20/03/20,Uttarakhand,3,0,0,0
261,20/03/20,West Bengal,2,0,0,0
262,21/03/20,Andhra Pradesh,3,0,0,0
263,21/03/20,Chhattisgarh,1,0,0,0
264,21/03/20,Delhi,25,5,1,1
265,21/03/20,Gujarat,7,0,0,0
266,21/03/20,Haryana,3,0,0,14
267,21/03/20,Himachal Pradesh,2,0,0,0
268,21/03/20,Karnataka,15,1,1,0
269,21/03/20,Kerala,33,3,0,7
270,21/03/20,Madhya Pradesh,4,0,0,0
271,21/03/20,Maharashtra,60,0,1,3
272,21/03/20,Odisha,2,0,0,0
273,21/03/20,Puducherry,1,0,0,0
274,21/03/20,Punjab,13,0,1,0
275,21/03/20,Rajasthan,15,3,0,2
276,21/03/20,Tamil Nadu,3,1,0,0
277,21/03/20,Telengana,10,1,0,11
278,21/03/20,Chandigarh,1,0,0,0
279,21/03/20,Jammu and Kashmir,4,0,0,0
280,21/03/20,Ladakh,13,0,0,0
281,21/03/20,Uttar Pradesh,23,9,0,1
282,21/03/20,Uttarakhand,3,0,0,0
283,21/03/20,West Bengal,3,0,0,0
284,22/03/20,Andhra Pradesh,3,0,0,0
285,22/03/20,Andhra Pradesh,3,0,0,0
286,22/03/20,Chhattisgarh,1,0,0,0
287,22/03/20,Delhi,26,5,1,1
288,22/03/20,Gujarat,14,0,0,0
289,22/03/20,Haryana,3,0,0,14
290,22/03/20,Himachal Pradesh,2,0,0,0
291,22/03/20,Karnataka,20,2,1,0
292,22/03/20,Kerala,45,3,0,7
293,22/03/20,Madhya Pradesh,4,0,0,0
294,22/03/20,Maharashtra,60,0,1,3
295,22/03/20,Odisha,2,0,0,0
296,22/03/20,Puducherry,1,0,0,0
297,22/03/20,Punjab,13,0,1,0
298,22/03/20,Rajasthan,22,3,0,2
299,22/03/20,Tamil Nadu,4,1,0,2
300,22/03/20,Telengana,10,1,0,11
301,22/03/20,Chandigarh,5,0,0,0
302,22/03/20,Jammu and Kashmir,4,0,0,0
303,22/03/20,Ladakh,13,0,0,0
304,22/03/20,Uttar Pradesh,24,9,0,1
305,22/03/20,Uttarakhand,3,0,0,0
306,22/03/20,West Bengal,4,0,0,0
307,22/03/20,Andhra Pradesh,5,0,0,0
308,22/03/20,Bihar,2,0,1,0
309,22/03/20,Chhattisgarh,1,0,0,0
310,22/03/20,Delhi,28,5,1,1
311,22/03/20,Gujarat,18,0,1,0
312,22/03/20,Haryana,7,0,0,14
313,22/03/20,Himachal Pradesh,2,0,0,0
314,22/03/20,Karnataka,26,2,1,0
315,22/03/20,Kerala,45,3,0,7
316,22/03/20,Madhya Pradesh,4,0,0,0
317,22/03/20,Maharashtra,64,0,2,3
318,22/03/20,Odisha,2,0,0,0
319,22/03/20,Puducherry,1,0,0,0
320,22/03/20,Punjab,21,0,1,0
321,22/03/20,Rajasthan,22,3,0,2
322,22/03/20,Tamil Nadu,5,1,0,2
323,22/03/20,Telengana,11,1,0,11
324,22/03/20,Chandigarh,5,0,0,0
325,22/03/20,Jammu and Kashmir,4,0,0,0
326,22/03/20,Ladakh,13,0,0,0
327,22/03/20,Uttar Pradesh,26,9,0,1
328,22/03/20,Uttarakhand,3,0,0,0
329,22/03/20,West Bengal,4,0,0,0
330,23/03/20,Andhra Pradesh,7,0,0,0
331,23/03/20,Bihar,2,0,1,0
332,23/03/20,Chhattisgarh,1,0,0,0
333,23/03/20,Delhi,28,5,1,1
334,23/03/20,Gujarat,29,0,1,0
335,23/03/20,Haryana,12,0,0,14
336,23/03/20,Himachal Pradesh,2,0,0,0
337,23/03/20,Karnataka,33,2,1,0
338,23/03/20,Kerala,60,3,0,7
339,23/03/20,Madhya Pradesh,6,0,0,0
340,23/03/20,Maharashtra,71,0,2,3
341,23/03/20,Odisha,2,0,0,0
342,23/03/20,Puducherry,1,0,0,0
343,23/03/20,Punjab,21,0,1,0
344,23/03/20,Rajasthan,26,3,0,2
345,23/03/20,Tamil Nadu,7,1,0,2
346,23/03/20,Telengana,22,1,0,10
347,23/03/20,Chandigarh,6,0,0,0
348,23/03/20,Jammu and Kashmir,4,0,0,0
349,23/03/20,Ladakh,13,0,0,0
350,23/03/20,Uttar Pradesh,30,9,0,1
351,23/03/20,Uttarakhand,3,0,0,0
352,23/03/20,West Bengal,7,0,0,0
353,23/03/20,Andhra Pradesh,7,0,0,0
354,23/03/20,Bihar,2,0,1,0
355,23/03/20,Chhattisgarh,1,0,0,0
356,23/03/20,Delhi,28,5,1,1
357,23/03/20,Gujarat,29,0,1,0
358,23/03/20,Haryana,12,11,0,14
359,23/03/20,Himachal Pradesh,3,0,1,0
360,23/03/20,Karnataka,33,2,1,0
361,23/03/20,Kerala,60,3,0,7
362,23/03/20,Madhya Pradesh,6,0,0,0
363,23/03/20,Maharashtra,71,0,2,3
364,23/03/20,Odisha,2,0,0,0
365,23/03/20,Puducherry,1,0,0,0
366,23/03/20,Punjab,21,0,1,0
367,23/03/20,Rajasthan,26,3,0,2
368,23/03/20,Tamil Nadu,7,1,0,2
369,23/03/20,Telengana,22,1,0,10
370,23/03/20,Chandigarh,6,0,0,0
371,23/03/20,Jammu and Kashmir,4,0,0,0
372,23/03/20,Ladakh,13,0,0,0
373,23/03/20,Uttar Pradesh,30,9,0,1
374,23/03/20,Uttarakhand,3,0,0,0
375,23/03/20,West Bengal,7,0,1,0
376,24/03/20,Andhra Pradesh,7,0,0,0
377,24/03/20,Bihar,2,0,1,0
378,24/03/20,Chhattisgarh,1,0,0,0
379,24/03/20,Delhi,30,6,1,1
380,24/03/20,Gujarat,29,0,1,0
381,24/03/20,Haryana,12,11,0,14
382,24/03/20,Himachal Pradesh,3,0,1,0
383,24/03/20,Karnataka,37,2,1,0
384,24/03/20,Kerala,87,4,0,8
385,24/03/20,Madhya Pradesh,7,0,0,0
386,24/03/20,Maharashtra,84,0,2,3
387,24/03/20,Odisha,2,0,0,0
388,24/03/20,Puducherry,1,0,0,0
389,24/03/20,Punjab,21,0,1,0
390,24/03/20,Rajasthan,31,3,0,2
391,24/03/20,Tamil Nadu,10,1,0,2
392,24/03/20,Telengana,22,1,0,10
393,24/03/20,Chandigarh,6,0,0,0
394,24/03/20,Jammu and Kashmir,4,0,0,0
395,24/03/20,Ladakh,13,0,0,0
396,24/03/20,Uttar Pradesh,32,9,0,1
397,24/03/20,Uttarakhand,3,0,0,0
398,24/03/20,West Bengal,7,0,1,0
399,24/03/20,Andhra Pradesh,8,0,0,0
400,24/03/20,Bihar,3,0,1,0
401,24/03/20,Chhattisgarh,1,0,0,0
402,24/03/20,Delhi,29,6,2,1
403,24/03/20,Gujarat,32,0,1,1
404,24/03/20,Haryana,14,11,0,14
405,24/03/20,Himachal Pradesh,3,0,1,0
406,24/03/20,Karnataka,37,3,1,0
407,24/03/20,Kerala,87,4,0,8
408,24/03/20,Madhya Pradesh,7,0,0,0
409,24/03/20,Maharashtra,86,0,2,3
410,24/03/20,Manipur,1,0,0,0
411,24/03/20,Odisha,2,0,0,0
412,24/03/20,Puducherry,1,0,0,0
413,24/03/20,Punjab,29,0,1,0
414,24/03/20,Rajasthan,30,3,0,2
415,24/03/20,Tamil Nadu,13,1,0,2
416,24/03/20,Telengana,25,1,0,10
417,24/03/20,Chandigarh,7,0,0,0
418,24/03/20,Jammu and Kashmir,4,0,0,0
419,24/03/20,Ladakh,13,0,0,0
420,24/03/20,Uttar Pradesh,32,11,0,1
421,24/03/20,Uttarakhand,3,0,0,1
422,24/03/20,West Bengal,9,0,1,0
423,25/03/20,Andhra Pradesh,9,0,0,0
424,25/03/20,Bihar,3,0,1,0
425,25/03/20,Chhattisgarh,1,0,0,0
426,25/03/20,Delhi,30,6,1,1
427,25/03/20,Gujarat,32,0,1,1
428,25/03/20,Haryana,14,11,0,14
429,25/03/20,Himachal Pradesh,3,0,1,0
430,25/03/20,Karnataka,41,3,1,0
431,25/03/20,Kerala,101,4,0,8
432,25/03/20,Madhya Pradesh,9,0,0,0
433,25/03/20,Maharashtra,98,0,2,3
434,25/03/20,Manipur,1,0,0,0
435,25/03/20,Mizoram,1,0,0,0
436,25/03/20,Odisha,2,0,0,0
437,25/03/20,Puducherry,1,0,0,0
438,25/03/20,Punjab,29,0,1,0
439,25/03/20,Rajasthan,30,3,0,2
440,25/03/20,Tamil Nadu,16,1,0,2
441,25/03/20,Telengana,25,1,0,10
442,25/03/20,Chandigarh,7,0,0,0
443,25/03/20,Jammu and Kashmir,7,1,0,0
444,25/03/20,Ladakh,13,0,0,0
445,25/03/20,Uttar Pradesh,34,11,0,1
446,25/03/20,Uttarakhand,3,0,0,1
447,25/03/20,West Bengal,9,0,1,0
448,25/03/20,Andhra Pradesh,9,1,0,0
449,25/03/20,Bihar,4,0,1,0
450,25/03/20,Chhattisgarh,1,0,0,0
451,25/03/20,Delhi,30,6,1,1
452,25/03/20,Gujarat,37,0,1,1
453,25/03/20,Haryana,14,11,0,14
454,25/03/20,Himachal Pradesh,3,0,1,0
455,25/03/20,Karnataka,41,3,1,0
456,25/03/20,Kerala,101,4,0,8
457,25/03/20,Madhya Pradesh,14,0,0,0
458,25/03/20,Maharashtra,125,1,3,3
459,25/03/20,Manipur,1,0,0,0
460,25/03/20,Mizoram,1,0,0,0
461,25/03/20,Odisha,2,0,0,0
462,25/03/20,Puducherry,1,0,0,0
463,25/03/20,Punjab,29,0,1,0
464,25/03/20,Rajasthan,34,3,0,2
465,25/03/20,Tamil Nadu,16,1,0,2
466,25/03/20,Telengana,25,1,0,10
467,25/03/20,Chandigarh,7,0,0,0
468,25/03/20,Jammu and Kashmir,7,1,0,0
469,25/03/20,Ladakh,13,0,0,0
470,25/03/20,Uttar Pradesh,36,11,0,1
471,25/03/20,Uttarakhand,3,0,0,1
472,25/03/20,West Bengal,9,0,1,0
473,26/03/20,Andhra Pradesh,11,1,0,0
474,26/03/20,Bihar,3,0,1,0
475,26/03/20,Chhattisgarh,3,0,0,0
476,26/03/20,Delhi,34,6,1,1
477,26/03/20,Goa,33,0,0,0
478,26/03/20,Gujarat,37,0,2,1
479,26/03/20,Haryana,16,11,0,14
480,26/03/20,Himachal Pradesh,3,0,1,0
481,26/03/20,Karnataka,41,3,1,0
482,26/03/20,Kerala,110,4,0,8
483,26/03/20,Madhya Pradesh,15,0,1,0
484,26/03/20,Maharashtra,121,1,3,3
485,26/03/20,Manipur,1,0,0,0
486,26/03/20,Mizoram,1,0,0,0
487,26/03/20,Odisha,2,0,0,0
488,26/03/20,Puducherry,1,0,0,0
489,26/03/20,Punjab,33,0,1,0
490,26/03/20,Rajasthan,36,3,0,2
491,26/03/20,Tamil Nadu,20,1,1,6
492,26/03/20,Telengana,31,1,0,10
493,26/03/20,Chandigarh,7,0,0,0
494,26/03/20,Jammu and Kashmir,11,1,0,0
495,26/03/20,Ladakh,13,0,0,0
496,26/03/20,Uttar Pradesh,36,11,0,1
497,26/03/20,Uttarakhand,4,0,0,1
498,26/03/20,West Bengal,9,0,1,0
499,26/03/20,Andaman and Nicobar Islands,1,0,0,0
500,26/03/20,Andhra Pradesh,11,1,0,0
501,26/03/20,Bihar,6,0,1,0
502,26/03/20,Chandigarh,7,0,0,0
503,26/03/20,Chhattisgarh,6,0,0,0
504,26/03/20,Delhi,35,6,1,1
505,26/03/20,Goa,3,0,0,0
506,26/03/20,Gujarat,42,0,3,1
507,26/03/20,Haryana,16,11,0,14
508,26/03/20,Himachal Pradesh,3,0,1,0
509,26/03/20,Jammu and Kashmir,13,1,1,0
510,26/03/20,Karnataka,55,3,2,0
511,26/03/20,Kerala,110,6,0,8
512,26/03/20,Ladakh,13,0,0,0
513,26/03/20,Madhya Pradesh,20,0,1,0
514,26/03/20,Maharashtra,121,1,3,3
515,26/03/20,Manipur,1,0,0,0
516,26/03/20,Mizoram,1,0,0,0
517,26/03/20,Odisha,2,0,0,0
518,26/03/20,Puducherry,1,0,0,0
519,26/03/20,Punjab,33,0,1,0
520,26/03/20,Rajasthan,39,3,0,2
521,26/03/20,Tamil Nadu,20,1,1,6
522,26/03/20,Telengana,34,1,0,10
523,26/03/20,Uttarakhand,4,0,0,1
524,26/03/20,Uttar Pradesh,40,11,0,1
525,26/03/20,West Bengal,10,0,1,0
526,27/03/20,Andaman and Nicobar Islands,1,0,0,0
527,27/03/20,Andhra Pradesh,12,1,0,0
528,27/03/20,Bihar,6,0,1,0
529,27/03/20,Chandigarh,7,0,0,0
530,27/03/20,Chhattisgarh,6,0,0,0
531,27/03/20,Delhi,35,6,1,1
532,27/03/20,Goa,3,0,0,0
533,27/03/20,Gujarat,42,0,3,1
534,27/03/20,Haryana,16,11,0,14
535,27/03/20,Himachal Pradesh,3,0,1,0
536,27/03/20,Jammu and Kashmir,13,1,1,0
537,27/03/20,Karnataka,55,3,2,0
538,27/03/20,Kerala,129,11,0,8
539,27/03/20,Ladakh,13,3,0,0
540,27/03/20,Madhya Pradesh,20,0,1,0
541,27/03/20,Maharashtra,127,15,4,3
542,27/03/20,Manipur,1,0,0,0
543,27/03/20,Mizoram,1,0,0,0
544,27/03/20,Odisha,2,0,0,0
545,27/03/20,Puducherry,1,0,0,0
546,27/03/20,Punjab,33,0,1,0
547,27/03/20,Rajasthan,39,3,0,2
548,27/03/20,Tamil Nadu,23,1,1,6
549,27/03/20,Telengana,35,1,0,10
550,27/03/20,Uttarakhand,4,0,0,1
551,27/03/20,Uttar Pradesh,40,11,0,1
552,27/03/20,West Bengal,10,0,1,0
553,28/03/20,Andaman and Nicobar Islands,2,0,0,0
554,28/03/20,Andhra Pradesh,14,1,0,0
555,28/03/20,Bihar,9,0,1,0
556,28/03/20,Chandigarh,7,0,0,0
557,28/03/20,Chhattisgarh,6,0,0,0
558,28/03/20,Delhi,38,6,1,1
559,28/03/20,Goa,3,0,0,0
560,28/03/20,Gujarat,44,0,3,1
561,28/03/20,Haryana,19,11,0,14
562,28/03/20,Himachal Pradesh,3,0,1,0
563,28/03/20,Jammu and Kashmir,18,1,1,0
564,28/03/20,Karnataka,55,3,2,0
565,28/03/20,Kerala,165,11,0,8
566,28/03/20,Ladakh,13,3,0,0
567,28/03/20,Madhya Pradesh,30,0,2,0
568,28/03/20,Maharashtra,177,25,5,3
569,28/03/20,Manipur,1,0,0,0
570,28/03/20,Mizoram,1,0,0,0
571,28/03/20,Odisha,3,0,0,0
572,28/03/20,Puducherry,1,0,0,0
573,28/03/20,Punjab,38,1,1,0
574,28/03/20,Rajasthan,46,3,0,2
575,28/03/20,Tamil Nadu,32,2,1,6
576,28/03/20,Telengana,38,1,0,10
577,28/03/20,Uttarakhand,4,0,0,1
578,28/03/20,Uttar Pradesh,44,11,0,1
579,28/03/20,West Bengal,15,0,1,0
580,28/03/20,Andhra Pradesh,14,1,0,0
581,28/03/20,Andaman and Nicobar Islands,6,0,0,0
582,28/03/20,Bihar,9,0,1,0
583,28/03/20,Chandigarh,8,0,0,0
584,28/03/20,Chhattisgarh,6,0,0,0
585,28/03/20,Delhi,38,6,1,1
586,28/03/20,Goa,3,0,0,0
587,28/03/20,Gujarat,44,0,3,1
588,28/03/20,Haryana,19,12,0,14
589,28/03/20,Himachal Pradesh,3,0,1,0
590,28/03/20,Jammu and Kashmir,20,1,1,0
591,28/03/20,Karnataka,55,3,2,0
592,28/03/20,Kerala,168,11,0,8
593,28/03/20,Ladakh,13,3,0,0
594,28/03/20,Madhya Pradesh,30,0,2,0
595,28/03/20,Maharashtra,177,25,5,3
596,28/03/20,Manipur,1,0,0,0
597,28/03/20,Mizoram,1,0,0,0
598,28/03/20,Odisha,3,0,0,0
599,28/03/20,Puducherry,1,0,0,0
600,28/03/20,Punjab,38,1,1,0
601,28/03/20,Rajasthan,52,3,0,2
602,28/03/20,Tamil Nadu,34,2,1,6
603,28/03/20,Telengana,46,1,0,10
604,28/03/20,Uttarakhand,4,0,0,1
605,28/03/20,Uttar Pradesh,54,11,0,1
606,28/03/20,West Bengal,15,0,1,0
607,29/03/20,Andhra Pradesh,14,1,0,0
608,29/03/20,Andaman and Nicobar Islands,9,0,0,0
609,29/03/20,Bihar,9,0,1,0
610,29/03/20,Chandigarh,8,0,0,0
611,29/03/20,Chhattisgarh,6,0,0,0
612,29/03/20,Delhi,38,6,2,1
613,29/03/20,Goa,2,0,0,1
614,29/03/20,Gujarat,52,0,4,1
615,29/03/20,Haryana,19,12,0,14
616,29/03/20,Himachal Pradesh,3,0,1,0
617,29/03/20,Jammu and Kashmir,31,1,1,0
618,29/03/20,Karnataka,76,5,3,0
619,29/03/20,Kerala,174,15,1,8
620,29/03/20,Ladakh,13,3,0,0
621,29/03/20,Madhya Pradesh,30,0,2,0
622,29/03/20,Maharashtra,183,25,6,3
623,29/03/20,Manipur,1,0,0,0
624,29/03/20,Mizoram,1,0,0,0
625,29/03/20,Odisha,3,0,0,0
626,29/03/20,Puducherry,1,0,0,0
627,29/03/20,Punjab,38,1,1,0
628,29/03/20,Rajasthan,52,3,0,2
629,29/03/20,Tamil Nadu,36,2,1,6
630,29/03/20,Telengana,56,1,1,10
631,29/03/20,Uttarakhand,5,1,0,1
632,29/03/20,Uttar Pradesh,54,11,0,1
633,29/03/20,West Bengal,17,0,1,0
634,29/03/20,Andhra Pradesh,19,1,0,
635,29/03/20,Andaman and Nicobar Islands,9,0,0,
636,29/03/20,Bihar,11,0,1,
637,29/03/20,Chandigarh,8,0,0,
638,29/03/20,Chhattisgarh,7,0,0,
639,29/03/20,Delhi,49,6,2,
640,29/03/20,Goa,5,0,0,
641,29/03/20,Gujarat,58,1,5,
642,29/03/20,Haryana,33,17,0,
643,29/03/20,Himachal Pradesh,3,0,1,
644,29/03/20,Jammu and Kashmir,31,1,2,
645,29/03/20,Karnataka,76,5,3,
646,29/03/20,Kerala,182,15,1,
647,29/03/20,Ladakh,13,3,0,
648,29/03/20,Madhya Pradesh,30,0,2,
649,29/03/20,Maharashtra,186,25,6,
650,29/03/20,Manipur,1,0,0,
651,29/03/20,Mizoram,1,0,0,
652,29/03/20,Odisha,3,0,0,
653,29/03/20,Puducherry,1,0,0,
654,29/03/20,Punjab,38,1,1,
655,29/03/20,Rajasthan,55,3,0,
656,29/03/20,Tamil Nadu,49,4,1,
657,29/03/20,Telengana,66,1,1,
658,29/03/20,Uttarakhand,7,2,0,
659,29/03/20,Uttar Pradesh,65,11,0,
660,29/03/20,West Bengal,18,0,1,
661,30/03/20,Andhra Pradesh,19,1,0,
662,30/03/20,Andaman and Nicobar Islands,9,0,0,
663,30/03/20,Bihar,11,0,1,
664,30/03/20,Chandigarh,8,0,0,
665,30/03/20,Chhattisgarh,7,0,0,
666,30/03/20,Delhi,53,6,2,
667,30/03/20,Goa,5,0,0,
668,30/03/20,Gujarat,58,1,5,
669,30/03/20,Haryana,33,17,0,
670,30/03/20,Himachal Pradesh,3,0,1,
671,30/03/20,Jammu and Kashmir,31,1,2,
672,30/03/20,Karnataka,80,5,3,
673,30/03/20,Kerala,194,19,1,
674,30/03/20,Ladakh,13,3,0,
675,30/03/20,Madhya Pradesh,33,0,2,
676,30/03/20,Maharashtra,193,25,8,
677,30/03/20,Manipur,1,0,0,
678,30/03/20,Mizoram,1,0,0,
679,30/03/20,Odisha,3,0,0,
680,30/03/20,Puducherry,1,0,0,
681,30/03/20,Punjab,38,1,1,
682,30/03/20,Rajasthan,57,3,0,
683,30/03/20,Tamil Nadu,50,4,1,
684,30/03/20,Telengana,69,1,1,
685,30/03/20,Uttarakhand,7,2,0,
686,30/03/20,Uttar Pradesh,75,11,0,
687,30/03/20,West Bengal,19,0,1,
688,30/03/20,Andhra Pradesh,23,1,0,
689,30/03/20,Andaman and Nicobar Islands,9,0,0,
690,30/03/20,Bihar,15,0,1,
691,30/03/20,Chandigarh,8,0,0,
692,30/03/20,Chhattisgarh,7,0,0,
693,30/03/20,Delhi,87,6,2,
694,30/03/20,Goa,5,0,0,
695,30/03/20,Gujarat,69,1,6,
696,30/03/20,Haryana,36,18,0,
697,30/03/20,Himachal Pradesh,3,0,1,
698,30/03/20,Jammu and Kashmir,48,2,2,
699,30/03/20,Karnataka,83,5,3,
700,30/03/20,Kerala,202,19,1,
701,30/03/20,Ladakh,13,3,0,
702,30/03/20,Madhya Pradesh,47,0,3,
703,30/03/20,Maharashtra,198,25,8,
704,30/03/20,Manipur,1,0,0,
705,30/03/20,Mizoram,1,0,0,
706,30/03/20,Odisha,3,0,0,
707,30/03/20,Puducherry,1,0,0,
708,30/03/20,Punjab,38,1,1,
709,30/03/20,Rajasthan,59,3,0,
710,30/03/20,Tamil Nadu,67,4,1,
711,30/03/20,Telengana,71,1,1,
712,30/03/20,Uttarakhand,7,2,0,
713,30/03/20,Uttar Pradesh,82,11,0,
714,30/03/20,West Bengal,22,0,1,
715,30/03/20,unassigned,46,0,0,
716,31/03/20,Andhra Pradesh,40,1,0,
717,31/03/20,Andaman and Nicobar Islands,10,0,0,
718,31/03/20,Bihar,15,0,1,
719,31/03/20,Chandigarh,13,0,0,
720,31/03/20,Chhattisgarh,8,0,0,
721,31/03/20,Delhi,97,6,2,
722,31/03/20,Goa,5,0,0,
723,31/03/20,Gujarat,73,3,6,
724,31/03/20,Haryana,40,21,0,
725,31/03/20,Himachal Pradesh,3,0,1,
726,31/03/20,Jammu and Kashmir,54,2,2,
727,31/03/20,Karnataka,83,5,3,
728,31/03/20,Kerala,234,19,1,
729,31/03/20,Ladakh,13,3,0,
730,31/03/20,Madhya Pradesh,47,0,3,
731,31/03/20,Maharashtra,216,39,9,
732,31/03/20,Manipur,1,0,0,
733,31/03/20,Mizoram,1,0,0,
734,31/03/20,Odisha,3,0,0,
735,31/03/20,Puducherry,1,0,0,
736,31/03/20,Punjab,41,1,3,
737,31/03/20,Rajasthan,74,3,0,
738,31/03/20,Tamil Nadu,74,4,1,
739,31/03/20,Telengana,79,1,1,
740,31/03/20,Uttarakhand,7,2,0,
741,31/03/20,Uttar Pradesh,101,14,0,
742,31/03/20,West Bengal,26,0,2,
743,31/03/20,unassigned,38,0,0,
744,2/4/20,Andhra Pradesh,86,1,1,
745,2/4/20,Andaman and Nicobar Islands,10,0,0,
746,2/4/20,Assam,1,0,0,
747,2/4/20,Bihar,23,0,1,
748,2/4/20,Chandigarh,16,0,0,
749,2/4/20,Chhattisgarh,9,2,0,
750,2/4/20,Delhi,152,6,2,
751,2/4/20,Goa,5,0,0,
752,2/4/20,Gujarat,82,5,6,
753,2/4/20,Haryana,43,21,0,
754,2/4/20,Himachal Pradesh,3,1,1,
755,2/4/20,Jammu and Kashmir,62,2,2,
756,2/4/20,Jharkhand,1,0,0,
757,2/4/20,Karnataka,110,9,3,
758,2/4/20,Kerala,265,25,2,
759,2/4/20,Ladakh,13,3,0,
760,2/4/20,Madhya Pradesh,99,0,6,
761,2/4/20,Maharashtra,335,42,13,
762,2/4/20,Manipur,1,0,0,
763,2/4/20,Mizoram,1,0,0,
764,2/4/20,Odisha,4,0,0,
765,2/4/20,Puducherry,3,1,0,
766,2/4/20,Punjab,46,1,4,
767,2/4/20,Rajasthan,108,3,0,
768,2/4/20,Tamil Nadu,234,6,1,
769,2/4/20,Telengana,96,1,3,
770,2/4/20,Uttarakhand,7,2,0,
771,2/4/20,Uttar Pradesh,113,14,2,
772,2/4/20,West Bengal,37,6,3,
773,2/4/20,Andhra Pradesh,86,1,1,
774,2/4/20,Andaman and Nicobar Islands,10,0,0,
775,2/4/20,Assam,5,0,0,
776,2/4/20,Bihar,24,0,1,
777,2/4/20,Chandigarh,16,0,0,
778,2/4/20,Chhattisgarh,9,2,0,
779,2/4/20,Delhi,219,8,4,
780,2/4/20,Goa,5,0,0,
781,2/4/20,Gujarat,87,8,7,
782,2/4/20,Haryana,43,21,0,
783,2/4/20,Himachal Pradesh,3,1,1,
784,2/4/20,Jammu and Kashmir,62,2,2,
785,2/4/20,Jharkhand,1,0,0,
786,2/4/20,Karnataka,110,9,3,
787,2/4/20,Kerala,265,25,2,
788,2/4/20,Ladakh,13,3,0,
789,2/4/20,Madhya Pradesh,99,0,6,
790,2/4/20,Maharashtra,335,42,13,
791,2/4/20,Manipur,1,0,0,
792,2/4/20,Mizoram,1,0,0,
793,2/4/20,Odisha,4,0,0,
794,2/4/20,Puducherry,3,1,0,
795,2/4/20,Punjab,46,1,4,
796,2/4/20,Rajasthan,108,3,0,
797,2/4/20,Tamil Nadu,234,6,1,
798,2/4/20,Telengana,107,1,3,
799,2/4/20,Uttarakhand,7,2,0,
800,2/4/20,Uttar Pradesh,113,14,2,
801,2/4/20,West Bengal,53,6,3,
802,3/4/20,Andhra Pradesh,132,1,1,
803,3/4/20,Andaman and Nicobar Islands,10,0,0,
804,3/4/20,Arunachal Pradesh,1,0,0,
805,3/4/20,Assam,16,0,0,
806,3/4/20,Bihar,24,0,1,
807,3/4/20,Chandigarh,18,0,0,
808,3/4/20,Chhattisgarh,9,2,0,
809,3/4/20,Delhi,219,8,4,
810,3/4/20,Goa,6,0,0,
811,3/4/20,Gujarat,87,8,7,
812,3/4/20,Haryana,43,21,0,
813,3/4/20,Himachal Pradesh,6,1,1,
814,3/4/20,Jammu and Kashmir,70,3,2,
815,3/4/20,Jharkhand,2,0,0,
816,3/4/20,Karnataka,124,10,3,
817,3/4/20,Kerala,286,27,2,
818,3/4/20,Ladakh,14,3,0,
819,3/4/20,Madhya Pradesh,99,0,6,
820,3/4/20,Maharashtra,335,42,16,
821,3/4/20,Manipur,2,0,0,
822,3/4/20,Mizoram,1,0,0,
823,3/4/20,Odisha,5,0,0,
824,3/4/20,Puducherry,3,1,0,
825,3/4/20,Punjab,46,1,4,
826,3/4/20,Rajasthan,133,3,0,
827,3/4/20,Tamil Nadu,309,6,1,
828,3/4/20,Telengana,107,1,3,
829,3/4/20,Uttarakhand,10,2,0,
830,3/4/20,Uttar Pradesh,113,14,2,
831,3/4/20,West Bengal,53,3,3,
832,3/4/20,Andhra Pradesh,132,1,1,
833,3/4/20,Andaman and Nicobar Islands,10,0,0,
834,3/4/20,Arunachal Pradesh,1,0,0,
835,3/4/20,Assam,16,0,0,
836,3/4/20,Bihar,29,0,1,
837,3/4/20,Chandigarh,18,0,0,
838,3/4/20,Chhattisgarh,9,3,0,
839,3/4/20,Delhi,219,8,4,
840,3/4/20,Goa,6,0,0,
841,3/4/20,Gujarat,95,10,8,
842,3/4/20,Haryana,49,24,0,
843,3/4/20,Himachal Pradesh,6,1,1,
844,3/4/20,Jammu and Kashmir,75,3,2,
845,3/4/20,Jharkhand,2,0,0,
846,3/4/20,Karnataka,124,10,3,
847,3/4/20,Kerala,286,27,2,
848,3/4/20,Ladakh,14,3,0,
849,3/4/20,Madhya Pradesh,104,0,6,
850,3/4/20,Maharashtra,335,42,16,
851,3/4/20,Manipur,2,0,0,
852,3/4/20,Mizoram,1,0,0,
853,3/4/20,Odisha,5,0,0,
854,3/4/20,Puducherry,5,1,0,
855,3/4/20,Punjab,48,1,5,
856,3/4/20,Rajasthan,167,3,0,
857,3/4/20,Tamil Nadu,309,6,1,
858,3/4/20,Telengana,158,1,7,
859,3/4/20,Uttarakhand,10,2,0,
860,3/4/20,Uttar Pradesh,172,14,2,
861,3/4/20,West Bengal,63,3,3,
862,3/4/20,unassigned,77,0,0,
863,4/4/20,Andhra Pradesh,161,1,1,
864,4/4/20,Andaman and Nicobar Islands,10,0,0,
865,4/4/20,Arunachal Pradesh,1,0,0,
866,4/4/20,Assam,24,0,0,
867,4/4/20,Bihar,29,0,1,
868,4/4/20,Chandigarh,18,0,0,
869,4/4/20,Chhattisgarh,9,3,0,
870,4/4/20,Delhi,386,8,6,
871,4/4/20,Goa,6,0,0,
872,4/4/20,Gujarat,95,10,9,
873,4/4/20,Haryana,49,24,0,
874,4/4/20,Himachal Pradesh,6,1,1,
875,4/4/20,Jammu and Kashmir,75,3,2,
876,4/4/20,Jharkhand,2,0,0,
877,4/4/20,Karnataka,128,12,3,
878,4/4/20,Kerala,295,41,2,
879,4/4/20,Ladakh,14,3,0,
880,4/4/20,Madhya Pradesh,104,0,6,
881,4/4/20,Maharashtra,423,42,19,
882,4/4/20,Manipur,2,0,0,
883,4/4/20,Mizoram,1,0,0,
884,4/4/20,Odisha,5,0,0,
885,4/4/20,Puducherry,5,1,0,
886,4/4/20,Punjab,53,1,5,
887,4/4/20,Rajasthan,179,3,0,
888,4/4/20,Tamil Nadu,411,6,1,
889,4/4/20,Telengana,158,1,7,
890,4/4/20,Uttarakhand,16,2,0,
891,4/4/20,Uttar Pradesh,174,19,2,
892,4/4/20,West Bengal,63,3,3,
893,4/4/20,Andhra Pradesh,161,1,1,
894,4/4/20,Andaman and Nicobar Islands,10,0,0,
895,4/4/20,Arunachal Pradesh,1,0,0,
896,4/4/20,Assam,24,0,0,
897,4/4/20,Bihar,30,0,1,
898,4/4/20,Chandigarh,18,0,0,
899,4/4/20,Chhattisgarh,9,3,0,
900,4/4/20,Delhi,445,15,6,
901,4/4/20,Goa,7,0,0,
902,4/4/20,Gujarat,105,14,10,
903,4/4/20,Haryana,49,24,0,
904,4/4/20,Himachal Pradesh,6,1,1,
905,4/4/20,Jammu and Kashmir,75,3,2,
906,4/4/20,Jharkhand,2,0,0,
907,4/4/20,Karnataka,128,12,3,
908,4/4/20,Kerala,295,41,2,
909,4/4/20,Ladakh,14,3,0,
910,4/4/20,Madhya Pradesh,104,0,6,
911,4/4/20,Maharashtra,490,42,24,
912,4/4/20,Manipur,2,0,0,
913,4/4/20,Mizoram,1,0,0,
914,4/4/20,Odisha,5,0,0,
915,4/4/20,Puducherry,5,1,0,
916,4/4/20,Punjab,57,1,5,
917,4/4/20,Rajasthan,200,21,0,
918,4/4/20,Tamil Nadu,411,6,2,
919,4/4/20,Telengana,159,1,7,
920,4/4/20,Uttarakhand,16,2,0,
921,4/4/20,Uttar Pradesh,174,19,2,
922,4/4/20,West Bengal,69,3,3,
923,4/4/20,Andhra Pradesh,161,1,1,
924,4/4/20,Andaman and Nicobar Islands,10,0,0,
925,4/4/20,Arunachal Pradesh,1,0,0,
926,4/4/20,Assam,24,0,0,
927,4/4/20,Bihar,30,0,1,
928,4/4/20,Chandigarh,18,0,0,
929,4/4/20,Chhattisgarh,9,3,0,
930,4/4/20,Delhi,445,15,6,
931,4/4/20,Goa,7,0,0,
932,4/4/20,Gujarat,105,14,10,
933,4/4/20,Haryana,49,24,0,
934,4/4/20,Himachal Pradesh,6,1,1,
935,4/4/20,Jammu and Kashmir,75,3,2,
936,4/4/20,Jharkhand,2,0,0,
937,4/4/20,Karnataka,128,12,3,
938,4/4/20,Kerala,295,41,2,
939,4/4/20,Ladakh,14,3,0,
940,4/4/20,Madhya Pradesh,104,0,6,
941,4/4/20,Maharashtra,490,42,24,
942,4/4/20,Manipur,2,0,0,
943,4/4/20,Mizoram,1,0,0,
944,4/4/20,Odisha,5,0,0,
945,4/4/20,Puducherry,5,1,0,
946,4/4/20,Punjab,57,1,5,
947,4/4/20,Rajasthan,200,21,0,
948,4/4/20,Tamil Nadu,411,6,2,
949,4/4/20,Telengana,159,1,7,
950,4/4/20,Uttarakhand,16,2,0,
951,4/4/20,Uttar Pradesh,174,19,2,
952,4/4/20,West Bengal,69,3,3,
953,5/4/20,Andhra Pradesh,161,1,1,
954,5/4/20,Andaman and Nicobar Islands,10,0,0,
955,5/4/20,Arunachal Pradesh,1,0,0,
956,5/4/20,Assam,24,0,0,
957,5/4/20,Bihar,30,0,1,
958,5/4/20,Chandigarh,18,0,0,
959,5/4/20,Chhattisgarh,9,3,0,
960,5/4/20,Delhi,445,15,6,
961,5/4/20,Goa,7,0,0,
962,5/4/20,Gujarat,105,14,10,
963,5/4/20,Haryana,49,24,0,
964,5/4/20,Himachal Pradesh,6,1,1,
965,5/4/20,Jammu and Kashmir,92,4,2,
966,5/4/20,Jharkhand,2,0,0,
967,5/4/20,Karnataka,144,12,4,
968,5/4/20,Kerala,306,49,2,
969,5/4/20,Ladakh,14,10,0,
970,5/4/20,Madhya Pradesh,104,0,6,
971,5/4/20,Maharashtra,490,42,24,
972,5/4/20,Manipur,2,0,0,
973,5/4/20,Mizoram,1,0,0,
974,5/4/20,Odisha,20,0,0,
975,5/4/20,Puducherry,5,1,0,
976,5/4/20,Punjab,57,1,5,
977,5/4/20,Rajasthan,200,21,0,
978,5/4/20,Tamil Nadu,485,6,3,
979,5/4/20,Telengana,269,32,7,
980,5/4/20,Uttarakhand,22,2,0,
981,5/4/20,Uttar Pradesh,227,19,2,
982,5/4/20,West Bengal,69,10,3,
983,5/4/20,Andhra Pradesh,190,1,1,
984,5/4/20,Andaman and Nicobar Islands,10,0,0,
985,5/4/20,Arunachal Pradesh,1,0,0,
986,5/4/20,Assam,26,0,0,
987,5/4/20,Bihar,30,0,1,
988,5/4/20,Chandigarh,18,0,0,
989,5/4/20,Chhattisgarh,9,3,0,
990,5/4/20,Delhi,503,18,7,
991,5/4/20,Goa,7,0,0,
992,5/4/20,Gujarat,122,18,11,
993,5/4/20,Haryana,59,25,1,
994,5/4/20,Himachal Pradesh,6,1,1,
995,5/4/20,Jammu and Kashmir,106,4,2,
996,5/4/20,Jharkhand,3,0,0,
997,5/4/20,Karnataka,144,12,4,
998,5/4/20,Kerala,306,49,2,
999,5/4/20,Ladakh,14,10,0,
1000,5/4/20,Madhya Pradesh,165,0,9,
1001,5/4/20,Maharashtra,490,42,24,
1002,5/4/20,Manipur,2,0,0,
1003,5/4/20,Mizoram,1,0,0,
1004,5/4/20,Odisha,20,0,0,
1005,5/4/20,Puducherry,5,1,0,
1006,5/4/20,Punjab,57,1,5,
1007,5/4/20,Rajasthan,200,21,0,
1008,5/4/20,Tamil Nadu,485,6,3,
1009,5/4/20,Telengana,269,32,7,
1010,5/4/20,Uttarakhand,22,2,0,
1011,5/4/20,Uttar Pradesh,227,19,2,
1012,5/4/20,West Bengal,80,10,3,
1013,5/4/20,Andhra Pradesh,190,1,1,
1014,5/4/20,Andaman and Nicobar Islands,10,0,0,
1015,5/4/20,Arunachal Pradesh,1,0,0,
1016,5/4/20,Assam,26,0,0,
1017,5/4/20,Bihar,30,0,1,
1018,5/4/20,Chandigarh,18,0,0,
1019,5/4/20,Chhattisgarh,9,3,0,
1020,5/4/20,Delhi,503,18,7,
1021,5/4/20,Goa,7,0,0,
1022,5/4/20,Gujarat,122,18,11,
1023,5/4/20,Haryana,59,25,1,
1024,5/4/20,Himachal Pradesh,6,1,1,
1025,5/4/20,Jammu and Kashmir,106,4,2,
1026,5/4/20,Jharkhand,3,0,0,
1027,5/4/20,Karnataka,144,12,4,
1028,5/4/20,Kerala,306,49,2,
1029,5/4/20,Ladakh,14,10,0,
1030,5/4/20,Madhya Pradesh,165,0,9,
1031,5/4/20,Maharashtra,490,42,24,
1032,5/4/20,Manipur,2,0,0,
1033,5/4/20,Mizoram,1,0,0,
1034,5/4/20,Odisha,20,0,0,
1035,5/4/20,Puducherry,5,1,0,
1036,5/4/20,Punjab,57,1,5,
1037,5/4/20,Rajasthan,200,21,0,
1038,5/4/20,Tamil Nadu,485,6,3,
1039,5/4/20,Telengana,269,32,7,
1040,5/4/20,Uttarakhand,22,2,0,
1041,5/4/20,Uttar Pradesh,227,19,2,
1042,5/4/20,West Bengal,80,10,3,
1043,6/4/20,Andhra Pradesh,226,1,3,
1044,6/4/20,Andaman and Nicobar Islands,10,0,0,
1045,6/4/20,Arunachal Pradesh,1,0,0,
1046,6/4/20,Assam,26,0,0,
1047,6/4/20,Bihar,30,0,1,
1048,6/4/20,Chandigarh,18,0,0,
1049,6/4/20,Chhattisgarh,9,3,0,
1050,6/4/20,Delhi,503,18,7,
1051,6/4/20,Goa,7,0,0,
1052,6/4/20,Gujarat,122,18,11,
1053,6/4/20,Haryana,84,25,1,
1054,6/4/20,Himachal Pradesh,13,1,1,
1055,6/4/20,Jammu and Kashmir,106,4,2,
1056,6/4/20,Jharkhand,3,0,0,
1057,6/4/20,Karnataka,151,12,4,
1058,6/4/20,Kerala,314,55,2,
1059,6/4/20,Ladakh,14,10,0,
1060,6/4/20,Madhya Pradesh,165,0,9,
1061,6/4/20,Maharashtra,690,42,45,
1062,6/4/20,Manipur,2,0,0,
1063,6/4/20,Mizoram,1,0,0,
1064,6/4/20,Odisha,21,2,0,
1065,6/4/20,Puducherry,5,1,0,
1066,6/4/20,Punjab,68,4,6,
1067,6/4/20,Rajasthan,253,21,0,
1068,6/4/20,Tamil Nadu,571,8,5,
1069,6/4/20,Telengana,321,34,7,
1070,6/4/20,Uttarakhand,26,4,0,
1071,6/4/20,Uttar Pradesh,227,19,2,
1072,6/4/20,West Bengal,80,10,3,
1073,6/4/20,Andhra Pradesh,226,1,3,
1074,6/4/20,Andaman and Nicobar Islands,10,0,0,
1075,6/4/20,Arunachal Pradesh,1,0,0,
1076,6/4/20,Assam,26,0,0,
1077,6/4/20,Bihar,32,0,1,
1078,6/4/20,Chandigarh,18,0,0,
1079,6/4/20,Chhattisgarh,10,8,0,
1080,6/4/20,Delhi,523,19,7,
1081,6/4/20,Goa,7,0,0,
1082,6/4/20,Gujarat,144,22,12,
1083,6/4/20,Haryana,84,25,1,
1084,6/4/20,Himachal Pradesh,13,2,1,
1085,6/4/20,Jammu and Kashmir,109,4,2,
1086,6/4/20,Jharkhand,4,0,0,
1087,6/4/20,Karnataka,151,12,4,
1088,6/4/20,Kerala,314,55,2,
1089,6/4/20,Ladakh,14,10,0,
1090,6/4/20,Madhya Pradesh,165,0,9,
1091,6/4/20,Maharashtra,748,56,45,
1092,6/4/20,Manipur,2,0,0,
1093,6/4/20,Mizoram,1,0,0,
1094,6/4/20,Odisha,21,2,0,
1095,6/4/20,Puducherry,5,1,0,
1096,6/4/20,Punjab,76,4,6,
1097,6/4/20,Rajasthan,274,21,0,
1098,6/4/20,Tamil Nadu,571,8,5,
1099,6/4/20,Telengana,321,34,7,
1100,6/4/20,Uttarakhand,26,4,0,
1101,6/4/20,Uttar Pradesh,305,21,3,
1102,6/4/20,West Bengal,80,10,3,
1103,7/4/20,Andhra Pradesh,266,1,3,
1104,7/4/20,Andaman and Nicobar Islands,10,0,0,
1105,7/4/20,Arunachal Pradesh,1,0,0,
1106,7/4/20,Assam,26,0,0,
1107,7/4/20,Bihar,32,0,1,
1108,7/4/20,Chandigarh,18,0,0,
1109,7/4/20,Chhattisgarh,10,8,0,
1110,7/4/20,Delhi,523,19,7,
1111,7/4/20,Goa,7,0,0,
1112,7/4/20,Gujarat,144,22,12,
1113,7/4/20,Haryana,90,25,1,
1114,7/4/20,Himachal Pradesh,13,2,1,
1115,7/4/20,Jammu and Kashmir,109,4,2,
1116,7/4/20,Jharkhand,4,0,0,
1117,7/4/20,Karnataka,151,12,4,
1118,7/4/20,Kerala,327,58,2,
1119,7/4/20,Ladakh,14,10,0,
1120,7/4/20,Madhya Pradesh,165,0,9,
1121,7/4/20,Maharashtra,748,56,45,
1122,7/4/20,Manipur,2,0,0,
1123,7/4/20,Mizoram,1,0,0,
1124,7/4/20,Odisha,21,2,0,
1125,7/4/20,Puducherry,5,1,0,
1126,7/4/20,Punjab,76,4,6,
1127,7/4/20,Rajasthan,288,21,3,
1128,7/4/20,Tamil Nadu,621,8,5,
1129,7/4/20,Telengana,321,34,7,
1130,7/4/20,Tripura,1,0,0,
1131,7/4/20,Uttarakhand,31,5,0,
1132,7/4/20,Uttar Pradesh,305,21,3,
1133,7/4/20,West Bengal,91,13,3,
1134,7/4/20,Andhra Pradesh,266,1,3,
1135,7/4/20,Andaman and Nicobar Islands,10,0,0,
1136,7/4/20,Arunachal Pradesh,1,0,0,
1137,7/4/20,Assam,26,0,0,
1138,7/4/20,Bihar,32,0,1,
1139,7/4/20,Chandigarh,18,7,0,
1140,7/4/20,Chhattisgarh,10,9,0,
1141,7/4/20,Delhi,576,21,7,
1142,7/4/20,Goa,7,0,0,
1143,7/4/20,Gujarat,165,25,13,
1144,7/4/20,Haryana,90,25,1,
1145,7/4/20,Himachal Pradesh,13,2,1,
1146,7/4/20,Jammu and Kashmir,116,4,2,
1147,7/4/20,Jharkhand,4,0,0,
1148,7/4/20,Karnataka,175,25,4,
1149,7/4/20,Kerala,327,58,2,
1150,7/4/20,Ladakh,14,10,0,
1151,7/4/20,Madhya Pradesh,229,0,13,
1152,7/4/20,Maharashtra,868,56,48,
1153,7/4/20,Manipur,2,0,0,
1154,7/4/20,Mizoram,1,0,0,
1155,7/4/20,Odisha,42,2,1,
1156,7/4/20,Puducherry,5,1,0,
1157,7/4/20,Punjab,91,4,7,
1158,7/4/20,Rajasthan,288,21,3,
1159,7/4/20,Tamil Nadu,621,8,5,
1160,7/4/20,Telengana,364,35,7,
1161,7/4/20,Tripura,1,0,0,
1162,7/4/20,Uttarakhand,31,5,0,
1163,7/4/20,Uttar Pradesh,305,21,3,
1164,7/4/20,West Bengal,91,13,3,
1165,8/4/20,Andhra Pradesh,305,1,4,
1166,8/4/20,Andaman and Nicobar Islands,10,0,0,
1167,8/4/20,Arunachal Pradesh,1,0,0,
1168,8/4/20,Assam,27,0,0,
1169,8/4/20,Bihar,38,0,1,
1170,8/4/20,Chandigarh,18,7,0,
1171,8/4/20,Chhattisgarh,10,9,0,
1172,8/4/20,Delhi,576,21,9,
1173,8/4/20,Goa,7,0,0,
1174,8/4/20,Gujarat,165,25,13,
1175,8/4/20,Haryana,147,28,3,
1176,8/4/20,Himachal Pradesh,18,2,1,
1177,8/4/20,Jammu and Kashmir,116,4,2,
1178,8/4/20,Jharkhand,4,0,0,
1179,8/4/20,Karnataka,175,25,4,
1180,8/4/20,Kerala,336,70,2,
1181,8/4/20,Ladakh,14,10,0,
1182,8/4/20,Madhya Pradesh,229,0,13,
1183,8/4/20,Maharashtra,1018,79,64,
1184,8/4/20,Manipur,2,0,0,
1185,8/4/20,Mizoram,1,0,0,
1186,8/4/20,Odisha,42,2,1,
1187,8/4/20,Puducherry,5,1,0,
1188,8/4/20,Punjab,91,4,7,
1189,8/4/20,Rajasthan,328,21,3,
1190,8/4/20,Tamil Nadu,690,19,7,
1191,8/4/20,Telengana,364,35,7,
1192,8/4/20,Tripura,1,0,0,
1193,8/4/20,Uttarakhand,31,5,0,
1194,8/4/20,Uttar Pradesh,326,21,3,
1195,8/4/20,West Bengal,99,13,5,
1196,8/4/20,Andhra Pradesh,305,5,4,
1197,8/4/20,Andaman and Nicobar Islands,10,0,0,
1198,8/4/20,Arunachal Pradesh,1,0,0,
1199,8/4/20,Assam,27,0,0,
1200,8/4/20,Bihar,38,0,1,
1201,8/4/20,Chandigarh,18,7,0,
1202,8/4/20,Chhattisgarh,10,9,0,
1203,8/4/20,Delhi,576,21,9,
1204,8/4/20,Goa,7,0,0,
1205,8/4/20,Gujarat,165,25,13,
1206,8/4/20,Haryana,147,28,3,
1207,8/4/20,Himachal Pradesh,18,2,1,
1208,8/4/20,Jammu and Kashmir,116,4,2,
1209,8/4/20,Jharkhand,4,0,0,
1210,8/4/20,Karnataka,175,25,4,
1211,8/4/20,Kerala,336,70,2,
1212,8/4/20,Ladakh,14,10,0,
1213,8/4/20,Madhya Pradesh,229,0,13,
1214,8/4/20,Maharashtra,1018,79,64,
1215,8/4/20,Manipur,2,0,0,
1216,8/4/20,Mizoram,1,0,0,
1217,8/4/20,Odisha,42,2,1,
1218,8/4/20,Puducherry,5,1,0,
1219,8/4/20,Punjab,91,4,7,
1220,8/4/20,Rajasthan,328,21,3,
1221,8/4/20,Tamil Nadu,690,19,7,
1222,8/4/20,Telengana,427,35,7,
1223,8/4/20,Tripura,1,0,0,
1224,8/4/20,Uttarakhand,31,5,0,
1225,8/4/20,Uttar Pradesh,343,26,3,
1226,8/4/20,West Bengal,99,13,5,
1227,9/4/20,Andhra Pradesh,348,6,4,
1228,9/4/20,Andaman and Nicobar Islands,11,0,0,
1229,9/4/20,Arunachal Pradesh,1,0,0,
1230,9/4/20,Assam,28,0,0,
1231,9/4/20,Bihar,38,0,1,
1232,9/4/20,Chandigarh,18,7,0,
1233,9/4/20,Chhattisgarh,10,9,0,
1234,9/4/20,Delhi,669,21,9,
1235,9/4/20,Goa,7,0,0,
1236,9/4/20,Gujarat,179,25,16,
1237,9/4/20,Haryana,147,28,3,
1238,9/4/20,Himachal Pradesh,18,2,1,
1239,9/4/20,Jammu and Kashmir,158,4,4,
1240,9/4/20,Jharkhand,4,0,0,
1241,9/4/20,Karnataka,181,28,5,
1242,9/4/20,Kerala,345,83,2,
1243,9/4/20,Ladakh,14,10,0,
1244,9/4/20,Madhya Pradesh,229,0,13,
1245,9/4/20,Maharashtra,1135,117,72,
1246,9/4/20,Manipur,1,1,0,
1247,9/4/20,Mizoram,1,0,0,
1248,9/4/20,Odisha,42,2,1,
1249,9/4/20,Puducherry,5,1,0,
1250,9/4/20,Punjab,101,4,8,
1251,9/4/20,Rajasthan,381,21,3,
1252,9/4/20,Tamil Nadu,738,21,8,
1253,9/4/20,Telengana,427,35,7,
1254,9/4/20,Tripura,1,0,0,
1255,9/4/20,Uttarakhand,33,5,0,
1256,9/4/20,Uttar Pradesh,361,27,4,
1257,9/4/20,West Bengal,103,16,5,
1258,9/4/20,Andhra Pradesh,348,6,4,
1259,9/4/20,Andaman and Nicobar Islands,11,0,0,
1260,9/4/20,Arunachal Pradesh,1,0,0,
1261,9/4/20,Assam,28,0,0,
1262,9/4/20,Bihar,39,0,1,
1263,9/4/20,Chandigarh,18,7,0,
1264,9/4/20,Chhattisgarh,10,9,0,
1265,9/4/20,Delhi,669,21,9,
1266,9/4/20,Goa,7,0,0,
1267,9/4/20,Gujarat,179,25,16,
1268,9/4/20,Haryana,169,29,3,
1269,9/4/20,Himachal Pradesh,18,2,1,
1270,9/4/20,Jammu and Kashmir,158,4,4,
1271,9/4/20,Jharkhand,13,0,0,
1272,9/4/20,Karnataka,181,28,5,
1273,9/4/20,Kerala,345,83,2,
1274,9/4/20,Ladakh,14,10,0,
1275,9/4/20,Madhya Pradesh,259,0,16,
1276,9/4/20,Maharashtra,1135,117,72,
1277,9/4/20,Manipur,2,1,0,
1278,9/4/20,Mizoram,1,0,0,
1279,9/4/20,Odisha,42,2,1,
1280,9/4/20,Puducherry,5,1,0,
1281,9/4/20,Punjab,101,4,8,
1282,9/4/20,Rajasthan,383,21,3,
1283,9/4/20,Tamil Nadu,738,21,8,
1284,9/4/20,Telengana,442,35,7,
1285,9/4/20,Tripura,1,0,0,
1286,9/4/20,Uttarakhand,35,5,0,
1287,9/4/20,Uttar Pradesh,410,31,4,
1288,9/4/20,West Bengal,103,16,5,
1289,10/4/20,Andhra Pradesh,348,6,4,
1290,10/4/20,Andaman and Nicobar Islands,11,0,0,
1291,10/4/20,Arunachal Pradesh,1,0,0,
1292,10/4/20,Assam,29,0,0,
1293,10/4/20,Bihar,39,0,1,
1294,10/4/20,Chandigarh,18,7,0,
1295,10/4/20,Chhattisgarh,10,9,0,
1296,10/4/20,Delhi,720,25,12,
1297,10/4/20,Goa,7,0,0,
1298,10/4/20,Gujarat,241,26,17,
1299,10/4/20,Haryana,169,29,3,
1300,10/4/20,Himachal Pradesh,18,2,1,
1301,10/4/20,Jammu and Kashmir,158,4,4,
1302,10/4/20,Jharkhand,13,0,1,
1303,10/4/20,Karnataka,181,28,5,
1304,10/4/20,Kerala,357,96,2,
1305,10/4/20,Ladakh,15,10,0,
1306,10/4/20,Madhya Pradesh,259,0,16,
1307,10/4/20,Maharashtra,1364,125,97,
1308,10/4/20,Manipur,2,1,0,
1309,10/4/20,Mizoram,1,0,0,
1310,10/4/20,Odisha,44,2,1,
1311,10/4/20,Puducherry,5,1,0,
1312,10/4/20,Punjab,101,4,8,
1313,10/4/20,Rajasthan,463,21,3,
1314,10/4/20,Tamil Nadu,834,21,8,
1315,10/4/20,Telengana,442,35,7,
1316,10/4/20,Tripura,1,0,0,
1317,10/4/20,Uttarakhand,35,5,0,
1318,10/4/20,Uttar Pradesh,410,31,4,
1319,10/4/20,West Bengal,116,16,5,
1320,10/4/20,Andhra Pradesh,363,7,6,
1321,10/4/20,Andaman and Nicobar Islands,11,0,0,
1322,10/4/20,Arunachal Pradesh,1,0,0,
1323,10/4/20,Assam,29,0,0,
1324,10/4/20,Bihar,60,0,1,
1325,10/4/20,Chandigarh,18,7,0,
1326,10/4/20,Chhattisgarh,10,9,0,
1327,10/4/20,Delhi,898,25,13,
1328,10/4/20,Goa,7,1,0,
1329,10/4/20,Gujarat,241,26,17,
1330,10/4/20,Haryana,169,29,3,
1331,10/4/20,Himachal Pradesh,28,6,1,
1332,10/4/20,Jammu and Kashmir,184,6,4,
1333,10/4/20,Jharkhand,13,0,1,
1334,10/4/20,Karnataka,197,30,6,
1335,10/4/20,Kerala,357,96,2,
1336,10/4/20,Ladakh,15,10,0,
1337,10/4/20,Madhya Pradesh,259,0,16,
1338,10/4/20,Maharashtra,1364,125,97,
1339,10/4/20,Manipur,2,1,0,
1340,10/4/20,Mizoram,1,0,0,
1341,10/4/20,Odisha,44,2,1,
1342,10/4/20,Puducherry,5,1,0,
1343,10/4/20,Punjab,132,5,11,
1344,10/4/20,Rajasthan,463,21,3,
1345,10/4/20,Tamil Nadu,834,21,8,
1346,10/4/20,Telengana,473,35,7,
1347,10/4/20,Tripura,1,0,0,
1348,10/4/20,Uttarakhand,35,5,0,
1349,10/4/20,Uttar Pradesh,431,32,4,
1350,10/4/20,West Bengal,116,16,5,
1351,11/4/20,Andhra Pradesh,363,7,6,
1352,11/4/20,Andaman and Nicobar Islands,11,0,0,
1353,11/4/20,Arunachal Pradesh,1,0,0,
1354,11/4/20,Assam,29,0,1,
1355,11/4/20,Bihar,60,0,1,
1356,11/4/20,Chandigarh,18,7,0,
1357,11/4/20,Chhattisgarh,18,9,0,
1358,11/4/20,Delhi,903,25,13,
1359,11/4/20,Goa,7,1,0,
1360,11/4/20,Gujarat,308,31,19,
1361,11/4/20,Haryana,177,29,3,
1362,11/4/20,Himachal Pradesh,28,6,1,
1363,11/4/20,Jammu and Kashmir,207,6,4,
1364,11/4/20,Jharkhand,14,0,1,
1365,11/4/20,Karnataka,207,31,6,
1366,11/4/20,Kerala,364,123,2,
1367,11/4/20,Ladakh,15,10,0,
1368,11/4/20,Madhya Pradesh,435,0,33,
1369,11/4/20,Maharashtra,1574,188,110,
1370,11/4/20,Manipur,2,1,0,
1371,11/4/20,Mizoram,1,0,0,
1372,11/4/20,Odisha,48,2,1,
1373,11/4/20,Puducherry,5,1,0,
1374,11/4/20,Punjab,132,5,11,
1375,11/4/20,Rajasthan,553,21,3,
1376,11/4/20,Tamil Nadu,911,44,8,
1377,11/4/20,Telengana,473,43,7,
1378,11/4/20,Tripura,1,0,0,
1379,11/4/20,Uttarakhand,35,5,0,
1380,11/4/20,Uttar Pradesh,431,32,4,
1381,11/4/20,West Bengal,116,16,5,
1382,11/4/20,Andhra Pradesh,381,11,6,
1383,11/4/20,Andaman and Nicobar Islands,11,0,0,
1384,11/4/20,Arunachal Pradesh,1,0,0,
1385,11/4/20,Assam,29,0,1,
1386,11/4/20,Bihar,60,0,1,
1387,11/4/20,Chandigarh,18,7,0,
1388,11/4/20,Chhattisgarh,18,9,0,
1389,11/4/20,Delhi,903,25,14,
1390,11/4/20,Goa,7,1,0,
1391,11/4/20,Gujarat,308,31,19,
1392,11/4/20,Haryana,177,29,3,
1393,11/4/20,Himachal Pradesh,28,6,1,
1394,11/4/20,Jammu and Kashmir,207,6,4,
1395,11/4/20,Jharkhand,17,0,1,
1396,11/4/20,Karnataka,214,37,6,
1397,11/4/20,Kerala,364,123,2,
1398,11/4/20,Ladakh,15,10,0,
1399,11/4/20,Madhya Pradesh,443,0,33,
1400,11/4/20,Maharashtra,1574,188,110,
1401,11/4/20,Manipur,2,1,0,
1402,11/4/20,Mizoram,1,0,0,
1403,11/4/20,Odisha,48,2,1,
1404,11/4/20,Puducherry,7,1,0,
1405,11/4/20,Punjab,132,5,11,
1406,11/4/20,Rajasthan,553,21,3,
1407,11/4/20,Tamil Nadu,911,44,8,
1408,11/4/20,Telengana,504,43,9,
1409,11/4/20,Tripura,2,0,0,
1410,11/4/20,Uttarakhand,35,5,0,
1411,11/4/20,Uttar Pradesh,433,32,4,
1412,11/4/20,West Bengal,126,16,5,
1413,12/4/20,Andhra Pradesh,381,11,6,
1414,12/4/20,Andaman and Nicobar Islands,11,10,0,
1415,12/4/20,Arunachal Pradesh,1,0,0,
1416,12/4/20,Assam,29,0,1,
1417,12/4/20,Bihar,63,0,1,
1418,12/4/20,Chandigarh,19,7,0,
1419,12/4/20,Chhattisgarh,18,9,0,
1420,12/4/20,Delhi,1069,25,19,
1421,12/4/20,Goa,7,5,0,
1422,12/4/20,Gujarat,432,44,22,
1423,12/4/20,Haryana,177,29,3,
1424,12/4/20,Himachal Pradesh,32,6,1,
1425,12/4/20,Jammu and Kashmir,207,6,4,
1426,12/4/20,Jharkhand,17,0,1,
1427,12/4/20,Karnataka,214,37,6,
1428,12/4/20,Kerala,364,123,2,
1429,12/4/20,Ladakh,15,10,0,
1430,12/4/20,Madhya Pradesh,532,0,36,
1431,12/4/20,Maharashtra,1761,208,127,
1432,12/4/20,Manipur,2,1,0,
1433,12/4/20,Mizoram,1,0,0,
1434,12/4/20,Odisha,50,2,1,
1435,12/4/20,Puducherry,7,1,0,
1436,12/4/20,Punjab,151,5,11,
1437,12/4/20,Rajasthan,700,21,3,
1438,12/4/20,Tamil Nadu,969,44,10,
1439,12/4/20,Telengana,504,43,9,
1440,12/4/20,Tripura,2,0,0,
1441,12/4/20,Uttarakhand,35,5,0,
1442,12/4/20,Uttar Pradesh,452,45,5,
1443,12/4/20,West Bengal,134,19,5,
1444,12/4/20,Andhra Pradesh,381,11,6,
1445,12/4/20,Andaman and Nicobar Islands,11,10,0,
1446,12/4/20,Arunachal Pradesh,1,0,0,
1447,12/4/20,Assam,29,0,1,
1448,12/4/20,Bihar,64,19,1,
1449,12/4/20,Chandigarh,19,7,0,
1450,12/4/20,Chhattisgarh,25,10,0,
1451,12/4/20,Delhi,1069,25,19,
1452,12/4/20,Goa,7,5,0,
1453,12/4/20,Gujarat,432,44,22,
1454,12/4/20,Haryana,185,29,3,
1455,12/4/20,Himachal Pradesh,32,6,1,
1456,12/4/20,Jammu and Kashmir,224,6,4,
1457,12/4/20,Jharkhand,17,0,1,
1458,12/4/20,Karnataka,226,37,6,
1459,12/4/20,Kerala,374,142,2,
1460,12/4/20,Ladakh,15,10,0,
1461,12/4/20,Madhya Pradesh,564,0,36,
1462,12/4/20,Maharashtra,1761,208,127,
1463,12/4/20,Manipur,2,1,0,
1464,12/4/20,Mizoram,1,0,0,
1465,12/4/20,Odisha,54,12,1,
1466,12/4/20,Puducherry,7,1,0,
1467,12/4/20,Punjab,151,5,11,
1468,12/4/20,Rajasthan,700,21,3,
1469,12/4/20,Tamil Nadu,969,44,10,
1470,12/4/20,Telengana,504,43,9,
1471,12/4/20,Tripura,2,0,0,
1472,12/4/20,Uttarakhand,35,5,0,
1473,12/4/20,Uttar Pradesh,452,45,5,
1474,12/4/20,West Bengal,134,19,5,
1475,13/04/2020,Andhra Pradesh,427,11,7,
1476,13/04/2020,Andaman and Nicobar Islands,11,10,0,
1477,13/04/2020,Arunachal Pradesh,1,0,0,
1478,13/04/2020,Assam,29,0,1,
1479,13/04/2020,Bihar,64,19,1,
1480,13/04/2020,Chandigarh,21,7,0,
1481,13/04/2020,Chhattisgarh,31,10,0,
1482,13/04/2020,Delhi,1154,27,24,
1483,13/04/2020,Goa,7,5,0,
1484,13/04/2020,Gujarat,516,44,25,
1485,13/04/2020,Haryana,185,29,3,
1486,13/04/2020,Himachal Pradesh,32,13,1,
1487,13/04/2020,Jammu and Kashmir,245,6,4,
1488,13/04/2020,Jharkhand,19,0,2,
1489,13/04/2020,Karnataka,232,57,6,
1490,13/04/2020,Kerala,376,179,2,
1491,13/04/2020,Ladakh,15,10,0,
1492,13/04/2020,Madhya Pradesh,564,0,36,
1493,13/04/2020,Maharashtra,1985,217,149,
1494,13/04/2020,Manipur,2,1,0,
1495,13/04/2020,Mizoram,1,0,0,
1496,13/04/2020,Odisha,54,12,1,
1497,13/04/2020,Puducherry,7,1,0,
1498,13/04/2020,Punjab,151,5,11,
1499,13/04/2020,Rajasthan,804,21,3,
1500,13/04/2020,Tamil Nadu,1043,50,11,
1501,13/04/2020,Telengana,504,43,9,
1502,13/04/2020,Tripura,2,0,0,
1503,13/04/2020,Uttarakhand,35,5,0,
1504,13/04/2020,Uttar Pradesh,483,46,5,
1505,13/04/2020,West Bengal,152,29,7,
1506,13/04/2020,Andhra Pradesh,432,11,7,
1507,13/04/2020,Andaman and Nicobar Islands,11,10,0,
1508,13/04/2020,Arunachal Pradesh,1,0,0,
1509,13/04/2020,Assam,31,0,1,
1510,13/04/2020,Bihar,64,26,1,
1511,13/04/2020,Chandigarh,21,7,0,
1512,13/04/2020,Chhattisgarh,31,10,0,
1513,13/04/2020,Delhi,1154,27,24,
1514,13/04/2020,Goa,7,5,0,
1515,13/04/2020,Gujarat,539,47,26,
1516,13/04/2020,Haryana,185,29,3,
1517,13/04/2020,Himachal Pradesh,32,13,1,
1518,13/04/2020,Jammu and Kashmir,245,6,4,
1519,13/04/2020,Jharkhand,19,0,2,
1520,13/04/2020,Karnataka,247,59,6,
1521,13/04/2020,Kerala,376,179,3,
1522,13/04/2020,Ladakh,15,10,0,
1523,13/04/2020,Madhya Pradesh,604,44,43,
1524,13/04/2020,Maharashtra,1985,217,149,
1525,13/04/2020,Manipur,2,1,0,
1526,13/04/2020,Mizoram,1,0,0,
1527,13/04/2020,Nagaland,1,0,0,
1528,13/04/2020,Odisha,54,12,1,
1529,13/04/2020,Puducherry,7,1,0,
1530,13/04/2020,Punjab,167,14,11,
1531,13/04/2020,Rajasthan,812,21,3,
1532,13/04/2020,Tamil Nadu,1075,50,11,
1533,13/04/2020,Telengana,562,100,16,
1534,13/04/2020,Tripura,2,0,0,
1535,13/04/2020,Uttarakhand,35,5,0,
1536,13/04/2020,Uttar Pradesh,483,47,5,
1537,13/04/2020,West Bengal,152,29,7,
1538,14/04/2020,Andhra Pradesh,432,11,7,
1539,14/04/2020,Andaman and Nicobar Islands,11,10,0,
1540,14/04/2020,Arunachal Pradesh,1,0,0,
1541,14/04/2020,Assam,31,0,1,
1542,14/04/2020,Bihar,65,26,1,
1543,14/04/2020,Chandigarh,21,7,0,
1544,14/04/2020,Chhattisgarh,31,10,0,
1545,14/04/2020,Delhi,1510,30,28,
1546,14/04/2020,Goa,7,5,0,
1547,14/04/2020,Gujarat,539,54,26,
1548,14/04/2020,Haryana,185,29,3,
1549,14/04/2020,Himachal Pradesh,32,13,1,
1550,14/04/2020,Jammu and Kashmir,270,16,4,
1551,14/04/2020,Jharkhand,24,0,2,
1552,14/04/2020,Karnataka,247,59,6,
1553,14/04/2020,Kerala,379,198,3,
1554,14/04/2020,Ladakh,15,10,0,
1555,14/04/2020,Madhya Pradesh,604,44,43,
1556,14/04/2020,Maharashtra,2334,217,160,
1557,14/04/2020,Manipur,2,1,0,
1558,14/04/2020,Mizoram,1,0,0,
1559,14/04/2020,Nagaland,1,0,0,
1560,14/04/2020,Odisha,54,12,1,
1561,14/04/2020,Puducherry,7,1,0,
1562,14/04/2020,Punjab,167,14,11,
1563,14/04/2020,Rajasthan,873,21,3,
1564,14/04/2020,Tamil Nadu,1173,58,11,
1565,14/04/2020,Telengana,562,100,16,
1566,14/04/2020,Tripura,2,0,0,
1567,14/04/2020,Uttarakhand,35,5,0,
1568,14/04/2020,Uttar Pradesh,558,49,5,
1569,14/04/2020,West Bengal,190,36,7,
1570,14/04/2020,Andhra Pradesh,473,14,9,
1571,14/04/2020,Andaman and Nicobar Islands,11,10,0,
1572,14/04/2020,Arunachal Pradesh,1,0,0,
1573,14/04/2020,Assam,31,0,1,
1574,14/04/2020,Bihar,66,26,1,
1575,14/04/2020,Chandigarh,21,7,0,
1576,14/04/2020,Chhattisgarh,31,10,0,
1577,14/04/2020,Delhi,1510,30,28,
1578,14/04/2020,Goa,7,5,0,
1579,14/04/2020,Gujarat,617,55,26,
1580,14/04/2020,Haryana,199,34,3,
1581,14/04/2020,Himachal Pradesh,32,13,1,
1582,14/04/2020,Jammu and Kashmir,270,16,4,
1583,14/04/2020,Jharkhand,24,0,2,
1584,14/04/2020,Karnataka,258,65,9,
1585,14/04/2020,Kerala,379,198,3,
1586,14/04/2020,Ladakh,15,10,0,
1587,14/04/2020,Madhya Pradesh,730,51,50,
1588,14/04/2020,Maharashtra,2337,229,160,
1589,14/04/2020,Manipur,2,1,0,
1590,14/04/2020,Meghalaya,1,0,0,
1591,14/04/2020,Mizoram,1,0,0,
1592,14/04/2020,Nagaland,1,0,0,
1593,14/04/2020,Odisha,55,18,1,
1594,14/04/2020,Puducherry,7,1,0,
1595,14/04/2020,Punjab,176,14,12,
1596,14/04/2020,Rajasthan,879,133,3,
1597,14/04/2020,Tamil Nadu,1173,58,11,
1598,14/04/2020,Telengana,624,100,17,
1599,14/04/2020,Tripura,2,0,0,
1600,14/04/2020,Uttarakhand,35,7,0,
1601,14/04/2020,Uttar Pradesh,657,49,5,
1602,14/04/2020,West Bengal,190,36,7,
1603,15/04/2020,Andhra Pradesh,483,16,9,
1604,15/04/2020,Andaman and Nicobar Islands,11,10,0,
1605,15/04/2020,Arunachal Pradesh,1,0,0,
1606,15/04/2020,Assam,32,0,1,
1607,15/04/2020,Bihar,66,29,1,
1608,15/04/2020,Chandigarh,21,7,0,
1609,15/04/2020,Chhattisgarh,33,13,0,
1610,15/04/2020,Delhi,1561,30,30,
1611,15/04/2020,Goa,7,5,0,
1612,15/04/2020,Gujarat,650,59,28,
1613,15/04/2020,Haryana,199,34,3,
1614,15/04/2020,Himachal Pradesh,33,13,1,
1615,15/04/2020,Jammu and Kashmir,278,30,4,
1616,15/04/2020,Jharkhand,27,0,2,
1617,15/04/2020,Karnataka,260,71,10,
1618,15/04/2020,Kerala,387,211,3,
1619,15/04/2020,Ladakh,17,10,0,
1620,15/04/2020,Madhya Pradesh,730,51,50,
1621,15/04/2020,Maharashtra,2687,259,178,
1622,15/04/2020,Manipur,2,1,0,
1623,15/04/2020,Meghalaya,1,0,0,
1624,15/04/2020,Mizoram,1,0,0,
1625,15/04/2020,Nagaland#,0,0,0,
1626,15/04/2020,Odisha,60,18,1,
1627,15/04/2020,Puducherry,7,1,0,
1628,15/04/2020,Punjab,176,14,12,
1629,15/04/2020,Rajasthan,969,147,3,
1630,15/04/2020,Tamil Nadu,1204,81,12,
1631,15/04/2020,Telengana,624,100,17,
1632,15/04/2020,Tripura,2,0,0,
1633,15/04/2020,Uttarakhand,37,9,0,
1634,15/04/2020,Uttar Pradesh,660,50,5,
1635,15/04/2020,West Bengal,213,37,7,
1636,15/04/2020,Andaman and Nicobar Islands,11,10,0,
1637,15/04/2020,Andhra Pradesh,503,16,9,
1638,15/04/2020,Arunachal Pradesh,1,0,0,
1639,15/04/2020,Assam,33,0,1,
1640,15/04/2020,Bihar,70,29,1,
1641,15/04/2020,Chandigarh,21,7,0,
1642,15/04/2020,Chhattisgarh,33,13,0,
1643,15/04/2020,Delhi,1561,30,30,
1644,15/04/2020,Goa,7,5,0,
1645,15/04/2020,Gujarat,695,59,30,
1646,15/04/2020,Haryana,199,34,3,
1647,15/04/2020,Himachal Pradesh,33,13,1,
1648,15/04/2020,Jammu and Kashmir,278,30,4,
1649,15/04/2020,Jharkhand,27,0,2,
1650,15/04/2020,Karnataka,277,75,11,
1651,15/04/2020,Kerala,387,211,3,
1652,15/04/2020,Ladakh,17,10,0,
1653,15/04/2020,Madhya Pradesh,987,64,53,
1654,15/04/2020,Maharashtra,2687,259,178,
1655,15/04/2020,Manipur,2,1,0,
1656,15/04/2020,Meghalaya,7,0,1,
1657,15/04/2020,Mizoram,1,0,0,
1658,15/04/2020,Nagaland#,0,0,0,
1659,15/04/2020,Odisha,60,18,1,
1660,15/04/2020,Puducherry,7,1,0,
1661,15/04/2020,Punjab,186,14,13,
1662,15/04/2020,Rajasthan,1005,147,3,
1663,15/04/2020,Tamil Nadu,1204,81,12,
1664,15/04/2020,Telengana,647,120,18,
1665,15/04/2020,Tripura,2,0,0,
1666,15/04/2020,Uttarakhand,37,9,0,
1667,15/04/2020,Uttar Pradesh,735,51,11,
1668,15/04/2020,West Bengal,213,37,7,
1669,16/04/2020,Andaman and Nicobar Islands,11,10,0,
1670,16/04/2020,Andhra Pradesh,525,20,14,
1671,16/04/2020,Arunachal Pradesh,1,0,0,
1672,16/04/2020,Assam,33,0,1,
1673,16/04/2020,Bihar,70,29,1,
1674,16/04/2020,Chandigarh,21,7,0,
1675,16/04/2020,Chhattisgarh,33,17,0,
1676,16/04/2020,Delhi,1578,40,32,
1677,16/04/2020,Goa,7,5,0,
1678,16/04/2020,Gujarat,766,64,33,
1679,16/04/2020,Haryana,205,43,3,
1680,16/04/2020,Himachal Pradesh,35,16,1,
1681,16/04/2020,Jammu and Kashmir,300,36,4,
1682,16/04/2020,Jharkhand,28,0,2,
1683,16/04/2020,Karnataka,279,80,12,
1684,16/04/2020,Kerala,388,218,3,
1685,16/04/2020,Ladakh,17,10,0,
1686,16/04/2020,Madhya Pradesh,987,64,53,
1687,16/04/2020,Maharashtra,2916,295,187,
1688,16/04/2020,Manipur,2,1,0,
1689,16/04/2020,Meghalaya,7,0,1,
1690,16/04/2020,Mizoram,1,0,0,
1691,16/04/2020,Nagaland#,0,0,0,
1692,16/04/2020,Odisha,60,18,1,
1693,16/04/2020,Puducherry,7,1,0,
1694,16/04/2020,Punjab,186,27,13,
1695,16/04/2020,Rajasthan,1023,147,3,
1696,16/04/2020,Tamil Nadu,1242,118,14,
1697,16/04/2020,Telengana,647,120,18,
1698,16/04/2020,Tripura,2,1,0,
1699,16/04/2020,Uttarakhand,37,9,0,
1700,16/04/2020,Uttar Pradesh,735,51,11,
1701,16/04/2020,West Bengal,231,42,7,
1702,16/04/2020,Andaman and Nicobar Islands,11,10,0,
1703,16/04/2020,Andhra Pradesh,534,20,14,
1704,16/04/2020,Arunachal Pradesh,1,0,0,
1705,16/04/2020,Assam,33,5,1,
1706,16/04/2020,Bihar,74,29,1,
1707,16/04/2020,Chandigarh,21,7,0,
1708,16/04/2020,Chhattisgarh,33,17,0,
1709,16/04/2020,Delhi,1578,40,32,
1710,16/04/2020,Goa,7,5,0,
1711,16/04/2020,Gujarat,766,64,33,
1712,16/04/2020,Haryana,205,43,3,
1713,16/04/2020,Himachal Pradesh,35,16,1,
1714,16/04/2020,Jammu and Kashmir,300,36,4,
1715,16/04/2020,Jharkhand,28,0,2,
1716,16/04/2020,Karnataka,279,80,12,
1717,16/04/2020,Kerala,388,218,3,
1718,16/04/2020,Ladakh,17,10,0,
1719,16/04/2020,Madhya Pradesh,987,64,53,
1720,16/04/2020,Maharashtra,2916,295,187,
1721,16/04/2020,Manipur,2,1,0,
1722,16/04/2020,Meghalaya,7,0,1,
1723,16/04/2020,Mizoram,1,0,0,
1724,16/04/2020,Nagaland#,0,0,0,
1725,16/04/2020,Odisha,60,18,1,
1726,16/04/2020,Puducherry,7,1,0,
1727,16/04/2020,Punjab,186,27,13,
1728,16/04/2020,Rajasthan,1023,147,3,
1729,16/04/2020,Tamil Nadu,1242,118,14,
1730,16/04/2020,Telengana,647,120,18,
1731,16/04/2020,Tripura,2,1,0,
1732,16/04/2020,Uttarakhand,37,9,0,
1733,16/04/2020,Uttar Pradesh,735,51,11,
1734,16/04/2020,West Bengal,231,42,7,